<?xml version="1.0"?>
<visit>
  <piece xml:id="A12">
    <positions>
      <value num="0">-6.2275434076176825 -3.5785114390729302 -0.5293421447774058</value>
    </positions>
    <targets>
      <value num="0">couloirA12</value>
    </targets>
    <rotations>
      <value num="0">0 85.14152835644038 0</value>
    </rotations>
    <panns/>
  </piece>
  <piece xml:id="A18">
    <positions/>
    <targets/>
    <rotations/>
    <panns/>
  </piece>
  <piece xml:id="A19">
    <positions/>
    <targets/>
    <rotations/>
    <panns/>
  </piece>
  <piece xml:id="A21">
    <positions/>
    <targets/>
    <rotations/>
    <panns/>
  </piece>
  <piece xml:id="A22">
    <positions/>
    <targets/>
    <rotations/>
    <panns/>
  </piece>
  <piece xml:id="A23">
    <positions/>
    <targets/>
    <rotations/>
    <panns/>
  </piece>
  <piece xml:id="B10">
    <positions/>
    <targets/>
    <rotations/>
    <panns/>
  </piece>
  <piece xml:id="B12">
    <positions/>
    <targets/>
    <rotations/>
    <panns/>
  </piece>
  <piece xml:id="B14">
    <positions/>
    <targets/>
    <rotations/>
    <panns/>
  </piece>
  <piece xml:id="B17">
    <positions/>
    <targets/>
    <rotations/>
    <panns/>
  </piece>
  <piece xml:id="B18">
    <positions/>
    <targets/>
    <rotations/>
    <panns/>
  </piece>
  <piece xml:id="B19">
    <positions/>
    <targets/>
    <rotations/>
    <panns/>
  </piece>
  <piece xml:id="B20">
    <positions/>
    <targets/>
    <rotations/>
    <panns/>
  </piece>
  <piece xml:id="B21">
    <positions/>
    <targets/>
    <rotations/>
    <panns/>
  </piece>
  <piece xml:id="B22">
    <positions/>
    <targets/>
    <rotations/>
    <panns/>
  </piece>
  <piece xml:id="B23">
    <positions/>
    <targets/>
    <rotations/>
    <panns/>
  </piece>
  <piece xml:id="coinGauche">
    <positions/>
    <targets/>
    <rotations/>
    <panns/>
  </piece>
  <piece xml:id="couloirA12">
    <positions>
      <value num="0">-4.9957562437375 -3.450125630479293 0.20596007661143245</value>
    </positions>
    <targets>
      <value num="0">A12</value>
    </targets>
    <rotations>
      <value num="0">0 92.36079657508883 0</value>
    </rotations>
    <panns/>
  </piece>
  <piece xml:id="couloirA18A19">
    <positions/>
    <targets/>
    <rotations/>
    <panns/>
  </piece>
  <piece xml:id="couloirA21A22">
    <positions/>
    <targets/>
    <rotations/>
    <panns/>
  </piece>
  <piece xml:id="couloirA23">
    <positions/>
    <targets/>
    <rotations/>
    <panns/>
  </piece>
  <piece xml:id="couloirB12">
    <positions/>
    <targets/>
    <rotations/>
    <panns/>
  </piece>
  <piece xml:id="couloirB14B17">
    <positions/>
    <targets/>
    <rotations/>
    <panns/>
  </piece>
  <piece xml:id="couloirB18B19">
    <positions/>
    <targets/>
    <rotations/>
    <panns/>
  </piece>
  <piece xml:id="couloirB20B21B22B23">
    <positions/>
    <targets/>
    <rotations/>
    <panns/>
  </piece>
  <piece xml:id="croisementChemin">
    <positions/>
    <targets/>
    <rotations/>
    <panns/>
  </piece>
  <piece xml:id="escalierGaucheA">
    <positions/>
    <targets/>
    <rotations/>
    <panns/>
  </piece>
  <piece xml:id="escalierGaucheB">
    <positions/>
    <targets/>
    <rotations/>
    <panns/>
  </piece>
  <piece xml:id="escalierMilieuA">
    <positions/>
    <targets/>
    <rotations/>
    <panns/>
  </piece>
  <piece xml:id="escalierMilieuB">
    <positions/>
    <targets/>
    <rotations/>
    <panns/>
  </piece>
  <piece xml:id="exterieurGauche">
    <positions/>
    <targets/>
    <rotations/>
    <panns/>
  </piece>
  <piece xml:id="exterieurMilieu">
    <positions/>
    <targets/>
    <rotations/>
    <panns/>
  </piece>
  <piece xml:id="gaucheA">
    <positions/>
    <targets/>
    <rotations/>
    <panns/>
  </piece>
  <piece xml:id="gaucheB">
    <positions/>
    <targets/>
    <rotations/>
    <panns/>
  </piece>
  <piece xml:id="milieuA">
    <positions/>
    <targets/>
    <rotations/>
    <panns/>
  </piece>
  <piece xml:id="milieuB">
    <positions/>
    <targets/>
    <rotations/>
    <panns/>
  </piece>
  <piece xml:id="secretariat">
    <positions/>
    <targets/>
    <rotations/>
    <panns/>
  </piece>
  <map xml:id="map1">
    <positions>
      <value num="0">-6.846976953154643 0.9957902792814611 3.0608669691721584</value>
      <value num="1">-3.5993747483325857 1.5414559318207994 1.0521413503259593</value>
    </positions>
    <targets>
      <value num="0">couloirA12</value>
      <value num="1">A12</value>
    </targets>
  </map>
  <map xml:id="map2">
    <positions/>
    <targets/>
  </map>
</visit>
