<?xml version="1.0"?>
<visit>
  <piece xml:id="A12">
    <positions/>
    <targets/>
    <panns/>
  </piece>
  <piece xml:id="A18">
    <positions/>
    <targets/>
    <panns/>
  </piece>
  <piece xml:id="A19">
    <positions/>
    <targets/>
    <panns/>
  </piece>
  <piece xml:id="A21">
    <positions/>
    <targets/>
    <panns/>
  </piece>
  <piece xml:id="A22">
    <positions/>
    <targets/>
    <panns/>
  </piece>
  <piece xml:id="A23">
    <positions/>
    <targets/>
    <panns/>
  </piece>
  <piece xml:id="B10">
    <positions/>
    <targets/>
    <panns/>
  </piece>
  <piece xml:id="B12">
    <positions/>
    <targets/>
    <panns/>
  </piece>
  <piece xml:id="B14">
    <positions/>
    <targets/>
    <panns/>
  </piece>
  <piece xml:id="B17">
    <positions/>
    <targets/>
    <panns/>
  </piece>
  <piece xml:id="B18">
    <positions/>
    <targets/>
    <panns/>
  </piece>
  <piece xml:id="B19">
    <positions/>
    <targets/>
    <panns/>
  </piece>
  <piece xml:id="B20">
    <positions/>
    <targets/>
    <panns/>
  </piece>
  <piece xml:id="B21">
    <positions/>
    <targets/>
    <panns/>
  </piece>
  <piece xml:id="B22">
    <positions/>
    <targets/>
    <panns/>
  </piece>
  <piece xml:id="B23">
    <positions/>
    <targets/>
    <panns/>
  </piece>
  <piece xml:id="coinGauche">
    <positions/>
    <targets/>
    <panns/>
  </piece>
  <piece xml:id="couloirA12">
    <positions/>
    <targets/>
    <panns/>
  </piece>
  <piece xml:id="couloirA18A19">
    <positions/>
    <targets/>
    <panns/>
  </piece>
  <piece xml:id="couloirA21A22">
    <positions/>
    <targets/>
    <panns/>
  </piece>
  <piece xml:id="couloirA23">
    <positions/>
    <targets/>
    <panns/>
  </piece>
  <piece xml:id="couloirB12">
    <positions/>
    <targets/>
    <panns/>
  </piece>
  <piece xml:id="couloirB14B17">
    <positions/>
    <targets/>
    <panns/>
  </piece>
  <piece xml:id="couloirB18B19">
    <positions/>
    <targets/>
    <panns/>
  </piece>
  <piece xml:id="couloirB20B21B22B23">
    <positions/>
    <targets/>
    <panns/>
  </piece>
  <piece xml:id="croisementChemin">
    <positions/>
    <targets/>
    <panns/>
  </piece>
  <piece xml:id="escalierGaucheA">
    <positions/>
    <targets/>
    <panns/>
  </piece>
  <piece xml:id="escalierGaucheB">
    <positions/>
    <targets/>
    <panns/>
  </piece>
  <piece xml:id="escalierMilieuA">
    <positions/>
    <targets/>
    <panns/>
  </piece>
  <piece xml:id="escalierMilieuB">
    <positions/>
    <targets/>
    <panns/>
  </piece>
  <piece xml:id="exterieurGauche">
    <positions/>
    <targets/>
    <panns/>
  </piece>
  <piece xml:id="exterieurMilieu">
    <positions/>
    <targets/>
    <panns/>
  </piece>
  <piece xml:id="gaucheA">
    <positions/>
    <targets/>
    <panns/>
  </piece>
  <piece xml:id="gaucheB">
    <positions/>
    <targets/>
    <panns/>
  </piece>
  <piece xml:id="milieuA">
    <positions/>
    <targets/>
    <panns/>
  </piece>
  <piece xml:id="milieuB">
    <positions/>
    <targets/>
    <panns/>
  </piece>
  <piece xml:id="secretariat">
    <positions/>
    <targets/>
    <panns/>
  </piece>
</visit>
