<?xml version="1.0"?>
<visit>
  <piece xml:id="A12">
    <positions>
      <value num="0">-11.934166662398253 -1.9119364014688283 -1.255255382024762</value>
    </positions>
    <targets>
      <value num="0">A19</value>
    </targets>
    <rotations>
      <value num="0">0 83.9956127661787 0</value>
    </rotations>
    <panns>
      <value text="salle A12">-0.011999992000003516 0.7600263226939992 -5.999988000004</value>
    </panns>
  </piece>
  <piece xml:id="A18">
    <positions/>
    <targets/>
    <rotations/>
    <panns/>
  </piece>
  <piece xml:id="A19">
    <positions/>
    <targets/>
    <rotations/>
    <panns/>
  </piece>
  <piece xml:id="A21">
    <positions/>
    <targets/>
    <rotations/>
    <panns/>
  </piece>
  <piece xml:id="A22">
    <positions/>
    <targets/>
    <rotations/>
    <panns/>
  </piece>
  <piece xml:id="A23">
    <positions/>
    <targets/>
    <rotations/>
    <panns/>
  </piece>
  <piece xml:id="B10">
    <positions/>
    <targets/>
    <rotations/>
    <panns/>
  </piece>
  <piece xml:id="B12">
    <positions/>
    <targets/>
    <rotations/>
    <panns/>
  </piece>
  <piece xml:id="B14">
    <positions/>
    <targets/>
    <rotations/>
    <panns/>
  </piece>
  <piece xml:id="B17">
    <positions/>
    <targets/>
    <rotations/>
    <panns/>
  </piece>
  <piece xml:id="B18">
    <positions/>
    <targets/>
    <rotations/>
    <panns/>
  </piece>
  <piece xml:id="B19">
    <positions/>
    <targets/>
    <rotations/>
    <panns/>
  </piece>
  <piece xml:id="B20">
    <positions/>
    <targets/>
    <rotations/>
    <panns/>
  </piece>
  <piece xml:id="B21">
    <positions/>
    <targets/>
    <rotations/>
    <panns/>
  </piece>
  <piece xml:id="B22">
    <positions/>
    <targets/>
    <rotations/>
    <panns/>
  </piece>
  <piece xml:id="B23">
    <positions/>
    <targets/>
    <rotations/>
    <panns/>
  </piece>
  <piece xml:id="coinGauche">
    <positions/>
    <targets/>
    <rotations/>
    <panns/>
  </piece>
  <piece xml:id="couloirA12">
    <positions/>
    <targets/>
    <rotations/>
    <panns/>
  </piece>
  <piece xml:id="couloirA18A19">
    <positions/>
    <targets/>
    <rotations/>
    <panns/>
  </piece>
  <piece xml:id="couloirA21A22">
    <positions/>
    <targets/>
    <rotations/>
    <panns/>
  </piece>
  <piece xml:id="couloirA23">
    <positions/>
    <targets/>
    <rotations/>
    <panns/>
  </piece>
  <piece xml:id="couloirB12">
    <positions/>
    <targets/>
    <rotations/>
    <panns/>
  </piece>
  <piece xml:id="couloirB14B17">
    <positions/>
    <targets/>
    <rotations/>
    <panns/>
  </piece>
  <piece xml:id="couloirB18B19">
    <positions/>
    <targets/>
    <rotations/>
    <panns/>
  </piece>
  <piece xml:id="couloirB20B21B22B23">
    <positions/>
    <targets/>
    <rotations/>
    <panns/>
  </piece>
  <piece xml:id="croisementChemin">
    <positions/>
    <targets/>
    <rotations/>
    <panns/>
  </piece>
  <piece xml:id="escalierGaucheA">
    <positions/>
    <targets/>
    <rotations/>
    <panns/>
  </piece>
  <piece xml:id="escalierGaucheB">
    <positions/>
    <targets/>
    <rotations/>
    <panns/>
  </piece>
  <piece xml:id="escalierMilieuA">
    <positions/>
    <targets/>
    <rotations/>
    <panns/>
  </piece>
  <piece xml:id="escalierMilieuB">
    <positions/>
    <targets/>
    <rotations/>
    <panns/>
  </piece>
  <piece xml:id="exterieurGauche">
    <positions/>
    <targets/>
    <rotations/>
    <panns/>
  </piece>
  <piece xml:id="exterieurMilieu">
    <positions/>
    <targets/>
    <rotations/>
    <panns/>
  </piece>
  <piece xml:id="gaucheA">
    <positions/>
    <targets/>
    <rotations/>
    <panns/>
  </piece>
  <piece xml:id="gaucheB">
    <positions/>
    <targets/>
    <rotations/>
    <panns/>
  </piece>
  <piece xml:id="milieuA">
    <positions/>
    <targets/>
    <rotations/>
    <panns/>
  </piece>
  <piece xml:id="milieuB">
    <positions/>
    <targets/>
    <rotations/>
    <panns/>
  </piece>
  <piece xml:id="secretariat">
    <positions/>
    <targets/>
    <rotations/>
    <panns/>
  </piece>
  <piece xml:id="map_icon">
    <positions/>
    <targets/>
    <rotations/>
    <panns/>
  </piece>
  <map xml:id="map1">
    <positions>
      <value num="0">-4.552210212295182 3.009186709186063 -5.317648181581351</value>
      <value num="1">-2.079915270648428 2.5226261950874207 -5.627961661820688</value>
    </positions>
    <targets>
      <value num="0">A19</value>
      <value num="1">A18</value>
    </targets>
  </map>
  <map xml:id="map2">
    <positions/>
    <targets/>
  </map>
</visit>
